"Query","Match","HMDB","PubChem","KEGG","SMILES","Comment"
"C00003","NAD","HMDB0000902","5892","C00003","NC(=O)C1=C[N+](=CC=C1)[C@@H]1O[C@H](COP([O-])(=O)OP(O)(=O)OC[C@H]2O[C@H]([C@H](O)[C@@H]2O)N2C=NC3=C2N=CN=C3N)[C@@H](O)[C@H]1O","1"
"C00008","ADP","HMDB0001341","6022","C00008","NC1=NC=NC2=C1N=CN2[C@@H]1O[C@H](COP(O)(=O)OP(O)(O)=O)[C@@H](O)[C@H]1O","1"
"C00015","Uridine 5'-diphosphate","HMDB0000295","6031","C00015","O[C@H]1[C@@H](O)[C@@H](O[C@@H]1COP(O)(=O)OP(O)(O)=O)N1C=CC(=O)NC1=O","1"
"C00016","FAD","HMDB0001248","643975","C00016","CC1=CC2=C(C=C1C)N(C[C@H](O)[C@H](O)[C@H](O)COP(O)(=O)OP(O)(=O)OC[C@H]1O[C@H]([C@H](O)[C@@H]1O)N1C=NC3=C1N=CN=C3N)C1=NC(=O)NC(=O)C1=N2","1"
"C00019","S-Adenosylmethionine","HMDB0001185","34756","C00019","C[S+](CC[C@H](N)C(O)=O)C[C@H]1O[C@H]([C@H](O)[C@@H]1O)N1C=NC2=C1N=CN=C2N","1"
"C00020","Adenosine monophosphate","HMDB0000045","6083","C00020","NC1=C2N=CN([C@@H]3O[C@H](COP(O)(O)=O)[C@@H](O)[C@H]3O)C2=NC=N1","1"
"C00029","Uridine diphosphate glucose","HMDB0000286","8629","C00029","OC[C@H]1O[C@H](OP(O)(=O)OP(O)(=O)OC[C@H]2O[C@H]([C@H](O)[C@@H]2O)N2C=CC(=O)NC2=O)[C@H](O)[C@@H](O)[C@@H]1O","1"
"C00043","Uridine diphosphate-N-acetylglucosamine","HMDB0000290","445675","C00043","CC(=O)N[C@@H]1[C@@H](O)[C@H](O)[C@@H](CO)O[C@@H]1OP(O)(=O)OP(O)(=O)OC[C@H]1O[C@H]([C@H](O)[C@@H]1O)N1C=CC(=O)NC1=O","1"
"C00051","Glutathione","HMDB0000125","124886","C00051","N[C@@H](CCC(=O)N[C@@H](CS)C(=O)NCC(O)=O)C(O)=O","1"
"C00052","Uridine diphosphategalactose","HMDB0000302","18068","C00052","OC[C@H]1O[C@H](OP(O)(=O)OP(O)(=O)OC[C@H]2O[C@H]([C@H](O)[C@@H]2O)N2C=CC(=O)NC2=O)[C@H](O)[C@@H](O)[C@H]1O","1"
"C00055","Cytidine monophosphate","HMDB0000095","6131","C00055","NC1=NC(=O)N(C=C1)[C@@H]1O[C@H](COP(O)(O)=O)[C@@H](O)[C@H]1O","1"
"C00061","Flavin mononucleotide","HMDB0001520","643976","C00061","CC1=CC2=C(C=C1C)N(C[C@H](O)[C@H](O)[C@H](O)COP(O)(O)=O)C1=NC(=O)NC(=O)C1=N2","1"
"C00062","L-Arginine","HMDB0000517","6322","C00062","N[C@@H](CCCNC(N)=N)C(O)=O","1"
"C00082","L-Tyrosine","HMDB0000158","6057","C00082","N[C@@H](CC1=CC=C(O)C=C1)C(O)=O","1"
"C00103","Glucose 1-phosphate","HMDB0001586","65533","C00103","OC[C@H]1O[C@H](OP(O)(O)=O)[C@H](O)[C@@H](O)[C@@H]1O","1"
"C00105","Uridine 5'-monophosphate","HMDB0000288","6030","C00105","O[C@H]1[C@@H](O)[C@@H](O[C@@H]1COP(O)(O)=O)N1C=CC(=O)NC1=O","1"
"C00120","Biotin","HMDB0000030","171548","C00120","[H][C@]12CS[C@@H](CCCCC(O)=O)[C@@]1([H])NC(=O)N2","1"
"C00127","Oxidized glutathione","HMDB0003337","65359","C00127","N[C@@H](CCC(=O)N[C@@H](CSSC[C@H](NC(=O)CC[C@H](N)C(O)=O)C(=O)NCC(O)=O)C(=O)NCC(O)=O)C(O)=O","1"
"C00144","Guanosine monophosphate","HMDB0001397","6804","C00144","NC1=NC2=C(N=CN2[C@@H]2O[C@H](COP(O)(O)=O)[C@@H](O)[C@H]2O)C(=O)N1","1"
"C00147","Adenine","HMDB0000034","190","C00147","NC1=C2NC=NC2=NC=N1","1"
"C00157","Phosphatidylcholine",NA,NA,"C00157",NA,"1"
"C00158","Citric acid","HMDB0000094","311","C00158","OC(=O)CC(O)(CC(O)=O)C(O)=O","1"
"C00167","Uridine diphosphate glucuronic acid","HMDB0000935","17473","C00167","O[C@@H]1[C@@H](COP(O)(=O)OP(O)(=O)O[C@H]2O[C@@H]([C@@H](O)[C@H](O)[C@H]2O)C(O)=O)O[C@H]([C@@H]1O)N1C=CC(=O)NC1=O","1"
"C00170","5'-Methylthioadenosine","HMDB0001173","439176","C00170","CSC[C@H]1O[C@H]([C@H](O)[C@@H]1O)N1C=NC2=C1N=CN=C2N","1"
"C00199","D-Ribulose 5-phosphate","HMDB0000618","439184","C00199","OCC(=O)[C@H](O)[C@H](O)COP(O)(O)=O","1"
"C00242","Guanine","HMDB0000132","764","C00242","NC1=NC(=O)C2=C(N1)N=CN2","1"
"C00262","Hypoxanthine","HMDB0000157","790","C00262","OC1=NC=NC2=C1NC=N2","1"
"C00294","Inosine","HMDB0000195","6021","C00294","OC[C@H]1O[C@H]([C@H](O)[C@@H]1O)N1C=NC2=C(O)N=CN=C12","1"
"C00299","Uridine","HMDB0000296","6029","C00299","OC[C@H]1O[C@H]([C@H](O)[C@@H]1O)N1C=CC(=O)NC1=O","1"
"C00307","Citicoline","HMDB0001413","13805","C00307","C[N+](C)(C)CCOP(O)(=O)OP(O)(=O)OC[C@H]1O[C@H]([C@H](O)[C@@H]1O)N1C=CC(N)=NC1=O","1"
"C00319","Sphingosine","HMDB0000252","5280335","C00319","CCCCCCCCCCCCC\C=C\[C@@H](O)[C@@H](N)CO","1"
"C00325","GDP-L-fucose","HMDB0001095","439211","C00325","C[C@@H]1OC(OP(O)(=O)OP(O)(=O)OC[C@H]2O[C@H]([C@H](O)[C@@H]2O)N2C=NC3=C2N=C(N)NC3=O)[C@@H](O)[C@H](O)[C@@H]1O","1"
"C00350","PE(14:0/20:1(11Z))","HMDB0008834","52924120","C00350","[H][C@@](COC(=O)CCCCCCCCCCCCC)(COP(O)(=O)OCCN)OC(=O)CCCCCCCCC\C=C/CCCCCCCC","1"
"C00360","Deoxyadenosine monophosphate","HMDB0000905","12599","C00360","NC1=NC=NC2=C1N=CN2[C@H]1C[C@H](O)[C@@H](COP(O)(O)=O)O1","1"
"C00362","2'-Deoxyguanosine 5'-monophosphate","HMDB0001044","65059","C00362","NC1=NC2=C(N=CN2[C@H]2C[C@H](O)[C@@H](COP(O)(O)=O)O2)C(=O)N1","1"
"C00364","5-Thymidylic acid","HMDB0001227","9700","C00364","CC1=CN([C@H]2C[C@H](O)[C@@H](COP(O)(O)=O)O2)C(=O)NC1=O","1"
"C00378","Thiamine","HMDB0000235","1130","C00378","CC1=C(CCO)SC=[N+]1CC1=CN=C(C)N=C1N","1"
"C00385","Xanthine","HMDB0000292","1188","C00385","O=C1NC2=C(NC=N2)C(=O)N1","1"
"C00387","Guanosine","HMDB0000133","6802","C00387","NC1=NC2=C(N=CN2[C@@H]2O[C@H](CO)[C@@H](O)[C@H]2O)C(=O)N1","1"
"C00463","Indole","HMDB0000738","798","C00463","N1C=CC2=C1C=CC=C2","1"
"C00487","L-Carnitine","HMDB0000062","10917","C00487","C[N+](C)(C)C[C@H](O)CC(O)=O","1"
"C00491","L-Cystine","HMDB0000192","67678","C00491","N[C@@H](CSSC[C@H](N)C(O)=O)C(O)=O","1"
"C00550","2beta-Hydroxytestosterone","HMDB0012654","53481791","C00550","C[C@]12CCC3C(CCC4=CC(=O)[C@@H](O)C[C@]34C)C1CC[C@@H]2O","1"
"C00570","CDP-ethanolamine","HMDB0001564","123727","C00570","NCCOP(O)(=O)OP(O)(=O)OC[C@H]1O[C@H]([C@H](O)[C@@H]1O)N1C=CC(N)=NC1=O","1"
"C00588","Phosphorylcholine","HMDB0001565","1014","C00588","C[N+](C)(C)CCOP(O)(O)=O","1"
"C00612","N1-Acetylspermidine","HMDB0001276","496","C00612","CC(=O)NCCCNCCCCN","1"
"C00670","Glycerophosphocholine","HMDB0000086","657272","C00670","C[N+](C)(C)CCOP([O-])(=O)OC[C@H](O)CO","1"
"C00836","Sphinganine","HMDB0000269","91486","C00836","CCCCCCCCCCCCCCC[C@@H](O)[C@@H](N)CO","1"
"C00864","Pantothenic acid","HMDB0000210","6613","C00864","CC(C)(CO)[C@@H](O)C(=O)NCCC(O)=O","1"
"C00946","Adenosine 2'-phosphate","HMDB0011617","53481006","C00946","NC1=NC=NC2=C1N=CN2C1O[C@H](CO)[C@@H](O)[C@H]1OP(O)(O)=O","1"
"C01586","Hippuric acid","HMDB0000714","464","C01586","OC(=O)CNC(=O)C1=CC=CC=C1","1"
"C02301","O-Acylcarnitine",NA,"5355","C02301",NA,"1"
"C02305","Phosphocreatine","HMDB0001511","587","C02305","CN(CC(O)=O)C(=N)NP(O)(O)=O","1"
"C02494","1-Methyladenosine","HMDB0003331","27476","C02494","CN1C=NC2=C(N=CN2[C@@H]2O[C@H](CO)[C@@H](O)[C@H]2O)C1=N","1"
"C02567","N1-Acetylspermine","HMDB0001186","916","C02567","CC(=O)NCCCNCCCCNCCCN","1"
"C02571","L-Acetylcarnitine","HMDB0000201","7045767","C02571","CC(=O)O[C@H](CC(O)=O)C[N+](C)(C)C","1"
"C02862","Butyrylcarnitine","HMDB0002013","213144","C02862","CCCC(=O)O[C@H](CC([O-])=O)C[N+](C)(C)C","1"
"C02990","Palmitoylcarnitine","HMDB0000222","11953816","C02990","CCCCCCCCCCCCCCCC(=O)O[C@H](CC(O)=O)C[N+](C)(C)C","1"
"C03017","Propionylcarnitine","HMDB0000824","188824","C03017","CCC(=O)O[C@H](CC(O)=O)C[N+](C)(C)C","1"
"C03546","D-myo-Inositol 4-phosphate","HMDB0001313","440043","C03546","O[C@@H]1[C@H](O)[C@H](O)[C@@H](OP(O)(O)=O)[C@H](O)[C@H]1O","1"
"C03794","Adenylsuccinic acid","HMDB0000536","447145","C03794","O[C@@H]1[C@@H](COP(O)(O)=O)O[C@H]([C@@H]1O)N1C=NC2=C1N=CN=C2N[C@@H](CC(O)=O)C(O)=O","1"
"C03889","NA","NA","NA","NA","NA","0"
"C04100","NA","NA","NA","NA","NA","0"
"C04230","CE(22:5(7Z,10Z,13Z,16Z,19Z))","HMDB0010375","24779458","C04230","CC\C=C/C\C=C/C\C=C/C\C=C/C\C=C/CCCCCC(=O)O[C@H]1CC[C@]2(C)C3CC[C@]4(C)C(CCC4C3CC=C2C1)[C@H](C)CCCC(C)C","1"
"C05282","gamma-Glutamylglutamic acid","HMDB0011737","92865","C05282","N[C@@H](CCC(=O)N[C@@H](CCC(O)=O)C(O)=O)C(O)=O","1"
"C05382","D-Sedoheptulose 7-phosphate","HMDB0001068","92042786","C05382","OC[C@]1(O)O[C@H](COP(O)(O)=O)[C@@H](O)[C@@H](O)[C@@H]1O","1"
"C05526","S-Glutathionyl-L-cysteine","METPA0607",NA,"C05526",NA,"1"
"C05551","Penicillin G","HMDB0015186","5904","C05551","[H][C@]12SC(C)(C)[C@@H](N1C(=O)[C@H]2NC(=O)CC1=CC=CC=C1)C(O)=O","1"
"C05635","5-Hydroxyindoleacetic acid","HMDB0000763","1826","C05635","OC(=O)CC1=CNC2=C1C=C(O)C=C2","1"
"C06525","Gentianine","HMDB0303030","354616","C06525","C=CC1=C2CCOC(=O)C2=CN=C1","1"
"C07005","Flunisolide","HMDB0014326","82153","C07005","[H][C@@]12C[C@@]3([H])[C@]4([H])C[C@H](F)C5=CC(=O)C=C[C@]5(C)[C@@]4([H])[C@@H](O)C[C@]3(C)[C@@]1(OC(C)(C)O2)C(=O)CO","1"
"C07471","Methacholine","HMDB0015654","1993","C07471","CC(C[N+](C)(C)C)OC(C)=O","1"
"C07968","Diethylcarbamazine","HMDB0014849","3052","C07968","CCN(CC)C(=O)N1CCN(C)CC1","1"
"C13916","Cer(d18:1/14:0)","HMDB0011773","5282310","C13916","CCCCCCCCCCCCC\C=C\[C@@H](O)[C@H](CO)NC(=O)CCCCCCCCCCCCC","1"
"C17925","Methylnoradrenaline","HMDB0002832","3917","C17925","CC(N)C(O)C1=CC(O)=C(O)C=C1","1"
"C19434","NA","NA","NA","NA","NA","0"
"C19463","1,5-Naphthalenediamine","HMDB0244231","16720","C19463","NC1=CC=CC2=C1C=CC=C2N","1"
"C20387","Biotin sulfone","HMDB0004818","21252323","C20387","[H][C@]12CS(=O)(=O)[C@@H](CCCCC(O)=O)[C@@]1([H])NC(=O)N2","1"
"C21484","LysoPE(18:0/0:0)","HMDB0011130","9547068","C21484","[H][C@@](O)(COC(=O)CCCCCCCCCCCCCCCCC)COP(O)(=O)OCCN","1"
